conversation_id	title	summary	created_at	role	content	message_created_at
34	Who are you and what can you do?		2026-03-22 14:39:53.842407	user	Who are you and what can you do?	2026-03-22 14:39:53.870204
34	Who are you and what can you do?		2026-03-22 14:39:53.842407	assistant	I'm here to help you investigate and refine your movement patterns. If you're experiencing any issues like pain, fatigue, or timing loss, we can work together to identify the underlying mechanism and find a simple, effective way to address it. My goal is to help you discover the key lever that, when adjusted, can improve your movement and performance. If there's something specific you're dealing with, feel free to share, and we can start exploring it together.	2026-03-22 14:39:56.44336
35	I have severe tightness in my lower back. What kind of infor…		2026-03-22 14:41:14.373441	user	I have severe tightness in my lower back. What kind of information can I give you that might be helpful?	2026-03-22 14:41:14.395628
35	I have severe tightness in my lower back. What kind of infor…		2026-03-22 14:41:14.373441	assistant	Let's focus on the idea that your lower back tightness stems from how you're distributing weight during movement, particularly in activities that involve bending or lifting. This pattern can create tension if your hips aren't moving freely, forcing your lower back to compensate. The key lever here is hip mobility. By ensuring your hips can move without restriction, you allow your lower back to relax and function without unnecessary strain. To prevent overcorrection, avoid locking your knees or arching your back excessively when trying to engage your hips. Instead, think of initiating movement from your hips, letting them guide the motion. As you try this, pay attention to how your lower back feels. Do you notice any change in the tightness when you focus on hip movement?	2026-03-22 14:41:19.450887
36	Actually, I experience most pain after having sat at my comp…		2026-03-22 14:42:54.706668	user	Actually, I experience most pain after having sat at my computer for most of the day. When I spend days walking around it is less problematic.	2026-03-22 14:42:54.729064
36	Actually, I experience most pain after having sat at my comp…		2026-03-22 14:42:54.706668	assistant	Sitting for long periods seems to be creating a pattern where your hip flexors are tightening, pulling your pelvis and causing your lower back pain. Let's focus on this: when sitting, ensure your pelvis is slightly tilted forward to engage your core and alleviate the strain on your back. This is the key adjustment. Avoid letting your pelvis tilt backward, which can exacerbate the tension. As you implement this, notice the change in your lower back's comfort. When you make this adjustment, how does your lower back feel after sitting for a while?	2026-03-22 14:42:59.474703
37	I'm not sure I completely understand what you are asking me …		2026-03-22 14:44:28.193892	user	I'm not sure I completely understand what you are asking me to try. Can you explain this in another way or using simpler language?	2026-03-22 14:44:28.21507
37	I'm not sure I completely understand what you are asking me …		2026-03-22 14:44:28.193892	assistant	When you sit for long periods, your hip flexors tighten, which pulls your pelvis and causes lower back pain. The single focus here is to adjust your pelvis position. Tilt your pelvis slightly forward to engage your core and relieve the strain on your back. This is the lever that changes the pattern. Avoid letting your pelvis tilt backward, which can increase tension. As you make this adjustment, notice how your lower back feels. Does it feel less tense after sitting for a while?	2026-03-22 14:44:33.427908
38	How long would I need to sit like this before my back pain s…		2026-03-22 14:45:58.537458	user	How long would I need to sit like this before my back pain starts to getting better?	2026-03-22 14:45:58.559245
38	How long would I need to sit like this before my back pain s…		2026-03-22 14:45:58.537458	assistant	The time it takes to notice a difference can vary, but let's focus on ensuring the adjustment is consistent and effective first. When you tilt your pelvis slightly forward and engage your core, it should feel like you're relieving some tension in your lower back. As you practice this consistently while sitting, you might start noticing changes within a few days to a week. 

The key is to be mindful of maintaining this position each time you sit, especially during longer periods. How does your back feel after trying this adjustment for a few sessions?	2026-03-22 14:46:00.222426
39	Apart from sitting better, are there other exercises that I …		2026-03-22 14:52:21.630541	user	Apart from sitting better, are there other exercises that I can do that will help?	2026-03-22 14:52:21.660877
39	Apart from sitting better, are there other exercises that I …		2026-03-22 14:52:21.630541	assistant	The central issue appears to be the tension in your hip flexors, which affects your lower back when sitting. To address this, let's focus on reinforcing the pelvis adjustment you've been practicing. The key is to strengthen your core engagement, which supports the pelvis tilt and reduces strain. 

When you stand, engage your core as if you're gently pulling your belly button towards your spine, and maintain this feeling of support. This should mirror the pelvis adjustment you make while sitting. Practicing this consistently can help build the necessary strength and awareness to alleviate the tension.

As you try this, pay attention to how your lower back feels. Does maintaining this core engagement while standing help you connect with the relief you experience when sitting correctly?	2026-03-22 14:52:27.172765
40	When I do this whilst I'm standing I feel the tension in my …		2026-03-22 14:53:58.731583	user	When I do this whilst I'm standing I feel the tension in my back, is that correct?	2026-03-22 14:53:58.753456
40	When I do this whilst I'm standing I feel the tension in my …		2026-03-22 14:53:58.731583	assistant	Interesting, Standing. Let's explore this. When you engage your core while standing, the goal is to support your pelvis, which should ideally reduce tension rather than increase it. If you're feeling more tension, it might indicate that the engagement is too forceful or that the alignment of your pelvis isn't quite right.

Try this: as you stand, gently engage your core without over-tightening. Imagine lengthening your spine upwards, creating space between each vertebra. This should help maintain a neutral pelvis position. Notice if this adjustment changes the tension in your back. Does it feel more balanced or still tense?	2026-03-22 14:54:01.235433
41	The tension I feel doesn't hurt, but I can feel the soreness…		2026-03-22 15:00:54.506162	user	The tension I feel doesn't hurt, but I can feel the soreness in my back	2026-03-22 15:00:54.534987
41	The tension I feel doesn't hurt, but I can feel the soreness…		2026-03-22 15:00:54.506162	assistant	The soreness in your back likely stems from an imbalance in how your core is supporting your posture. It seems that your core engagement might be inconsistent, leading to extra strain on your back muscles. Let's focus on one key adjustment: when you stand or sit, gently pull your belly button towards your spine, maintaining a slight lift through your chest. This should help distribute the load more evenly across your body and reduce the extra work your back is doing. As you try this, notice if the soreness changes. Does this adjustment alter how your back feels?	2026-03-22 15:00:59.44232
(16 rows)
